{"best/epoch": 6, "best/precision": 0.050554923603178176, "best/recall": 0.17043374622227897, "best/mAP_0.5": 0.03663416427948226, "best/mAP_0.5:0.95": 0.006798169261648559, "Labels": {"_type": "images/separated", "width": 1600, "height": 1600, "format": "jpg", "count": 2, "filenames": ["media/images/Labels_0_0.jpg", "media/images/Labels_0_1.jpg"], "captions": ["labels.jpg", "labels_correlogram.jpg"]}, "Mosaics": {"_type": "images/separated", "width": 1920, "height": 1920, "format": "jpg", "count": 3, "filenames": ["media/images/Mosaics_0_0.jpg", "media/images/Mosaics_0_1.jpg", "media/images/Mosaics_0_2.jpg"], "captions": ["train_batch0.jpg", "train_batch1.jpg", "train_batch2.jpg"]}, "train/box_loss": 0.07403434813022614, "train/obj_loss": 0.0297841913998127, "train/cls_loss": 0.014971207827329636, "metrics/precision": 0.04403122282244581, "metrics/recall": 0.1744987868726855, "metrics/mAP_0.5": 0.030560043514728515, "metrics/mAP_0.5:0.95": 0.005542797522401844, "val/box_loss": 0.07957776635885239, "val/obj_loss": 0.0756058543920517, "val/cls_loss": 0.03160911053419113, "x/lr0": 0.009736, "x/lr1": 0.009736, "x/lr2": 0.009736, "_timestamp": 1647570146, "_runtime": 2662, "_step": 9}